ItemCode,product_name,ProductType,size,total_sqm,min_quantity,Export,M.Distributor,Dealer,Dealer2,ApprovalNeeded,TierStage25,TierStage2,TierStage15,TierStage1,Retail,row_hash
GOSF05-08x11,"Graffiti Polyester Paper","Graffiti Polyester 5mil","8.5x11",0.060322,50,2.65,2.80,3.07,3.24,4.90,5.25,5.60,6.30,6.66,7.77,80040f7b2bbe3f8acfe4810f2714f5014f8d3494fbcffef68cc5bca5afb508fd
GOSF05-11x17,"Graffiti Polyester Paper","Graffiti Polyester 5mil","11x17",0.120645,50,2.65,2.80,3.07,3.24,4.90,5.25,5.60,6.30,6.66,7.77,057287e0236e4f24f17d3facb75a900609e15d3eff8dec155161e6e547a15f27
GOSF05-12x18,"Graffiti Polyester Paper","Graffiti Polyester 5mil","12x18",0.139355,50,2.65,2.80,3.07,3.24,4.90,5.25,5.60,6.30,6.66,7.77,2d740f291c2afabe77f748c639b1046a118a40b1e2698eeed88c1093c504b5bb
GOSF05-13x19,"Graffiti Polyester Paper","Graffiti Polyester 5mil","13x19",0.159355,50,2.65,2.80,3.07,3.24,4.90,5.25,5.60,6.30,6.66,7.77,cb57f2378203961d460868ce78a24f288df716252cef5791e2797aa4922d5b73
GOSF05-21x30,"Graffiti Polyester Paper","Graffiti Polyester 5mil","20.9x29.5",0.397773,50,2.65,2.80,3.07,3.24,4.90,5.25,5.60,6.30,6.66,7.77,9bf7b37e038a3b08930c5681c6eaf439074f1621a957a410d1723440f32b6c3f
GOSF08-08x11,"Graffiti Polyester Paper","Graffiti Polyester 8mil","8.5x11",0.060322,50,3.21,3.90,4.34,4.56,5.43,5.81,6.20,6.98,7.36,7.75,f8b5c02f570c8cb70f70ca8e3245393a849f813a5c68606381e3bfbae7984eb3
GOSF08-11x17,"Graffiti Polyester Paper","Graffiti Polyester 8mil","11x17",0.120645,50,3.21,3.90,4.34,4.56,5.43,5.81,6.20,6.98,7.36,7.75,41a90431d532cd922142996ac8cca26d4ba18766ec6fc394840950b3c3327a96
GOSF08-12x18,"Graffiti Polyester Paper","Graffiti Polyester 8mil","12x18",0.139355,50,3.21,3.90,4.34,4.56,5.43,5.81,6.20,6.98,7.36,7.75,abab0ebf20b05fc786e9b698e26ac6b9964a3e15f52fa499d7908df21d7cbded
GOSF08-13x19,"Graffiti Polyester Paper","Graffiti Polyester 8mil","13x19",0.159355,50,3.21,3.90,4.34,4.56,5.43,5.81,6.20,6.98,7.36,7.75,d98dfc9e8a5645a7c41d86144f4c245156432f13ad9120203d5130aef75ff302
GOSF08-14x20,"Graffiti Polyester Paper","Graffiti Polyester 8mil","14.33x20.5",0.189525,50,3.21,3.90,4.34,4.56,5.43,5.81,6.20,6.98,7.36,7.75,d0774c0e7c01ee6798ab39b6ed2227df63f0bae61d30965d33bb03301f05775b
GOSF10-08x11,"Graffiti Polyester Paper","Graffiti Polyester 10mil","8.5x11",0.060322,50,4.45,5.41,6.01,6.33,7.00,7.50,8.00,9.00,9.50,10.00,e4b0c339714aa00d42f5696e8f2e0e244df41bac23b7fbb4002fe5c4c1c3f3f6
GOSF10-11x17,"Graffiti Polyester Paper","Graffiti Polyester 10mil","11x17",0.120645,50,4.45,5.41,6.01,6.33,7.00,7.50,8.00,9.00,9.50,10.00,96809309335bde04dee182fa6bad4ff1a696eb4d4db076edf185420c2f9a8f10
GOSF10-12x18,"Graffiti Polyester Paper","Graffiti Polyester 10mil","12x18",0.139355,50,4.45,5.41,6.01,6.33,7.00,7.50,8.00,9.00,9.50,10.00,f4e06fa620a66ab4c0de491206207b32c04069a702a9b036fbe50f489c8498ed
GOSF10-13x19,"Graffiti Polyester Paper","Graffiti Polyester 10mil","13x19",0.159355,50,4.45,5.41,6.01,6.33,7.00,7.50,8.00,9.00,9.50,10.00,0ace55b39fe7c9ecc945d132b07dc98b83eacefac49038e84167e6f69bff9d29
GOSF11-08x11,"Graffiti Polyester Paper","Graffiti Polyester 11mil","8.5x11",0.060322,50,5.02,6.09,6.77,7.12,8.40,9.00,9.60,10.80,11.40,12.00,4d9e4f2b5f9b27fe780afa130f89521d05b241cca679bde024f55aca16f497a2
GOSF11-11x17,"Graffiti Polyester Paper","Graffiti Polyester 11mil","11x17",0.120645,50,5.02,6.09,6.77,7.12,8.40,9.00,9.60,10.80,11.40,12.00,8a5b3e26c7fe45ae8626b0e3b8594bc328e36a6ce5081520212d21aa7ddefb36
GOSF11-12x18,"Graffiti Polyester Paper","Graffiti Polyester 11mil","12x18",0.139355,50,5.02,6.09,6.77,7.12,8.05,8.63,9.20,10.35,10.93,11.50,0f874766e4762b798e387eb1a42e8cb62629dead1a04285631a090e221aa1edc
GOSF11-13x19,"Graffiti Polyester Paper","Graffiti Polyester 11mil","13x19",0.159355,50,5.02,6.09,6.77,7.12,8.05,8.63,9.20,10.35,10.93,11.50,7fad2722b7046209f506f48c813f533078447505d1a305a7058cae0d050255d4
GOSF11-14x20,"Graffiti Polyester Paper","Graffiti Polyester 11mil","14.33x20.5",0.189525,50,5.02,6.09,6.77,7.12,8.05,8.63,9.20,10.35,10.93,11.50,1c455c8b675bffe13db48d5fbb3bea7b8b4d19e5e1e5dc01da9dbfd3eddab75a
GOSF11-14x26,"Graffiti Polyester Paper","Graffiti Polyester 11mil","14.33x26",0.240374,50,5.02,6.09,6.77,7.12,8.05,8.63,9.20,10.35,10.93,11.50,09b536fef34576d4b9c74ba10b0deb6d0b0a05c647d0e435b37d4dad17986424
GOSF11-21x30,"Graffiti Polyester Paper","Graffiti Polyester 11mil","20.9x29.5",0.397773,50,5.02,6.09,6.77,7.12,8.05,8.63,9.20,10.35,10.93,11.50,9b0990d4b06c6b654bf48f0356ec87c3cd971d8163d18566527079c130d2ab8b
GOBO11-13x19,"Graffiti Polyester Paper","Graffiti Polyester 11mil - BlockOut","13x19",0.159355,50,5.10,6.38,7.29,7.85,8.40,9.00,9.60,10.80,11.40,12.00,1c5dd587747bbf8b262866ac25ef9cfb0cdf1cede2e127b5c43e171e48825495
GOBO11-21x30,"Graffiti Polyester Paper","Graffiti Polyester 11mil - BlockOut","20.9x29.5",0.397773,50,5.10,5.90,6.56,6.90,8.40,9.00,9.60,10.80,11.40,12.00,d3b9da87ab26684e7577c69fc1a533e64532118fa6069ec51ea6bcca943aec1e
GOSF14-08x11,"Graffiti Polyester Paper","Graffiti Polyester 14mil","8.5x11",0.120645,25,6.34,7.70,8.56,9.10,10.15,10.88,11.60,13.05,13.78,14.50,3f610a962a72b6b652719e116da9e3d7596cd95bca8f3f40f476ce2acbd5c7b5
GOSF14-08x14,"Graffiti Polyester Paper","Graffiti Polyester 14mil","8.5x14",0.120645,25,6.34,7.70,8.56,9.10,10.15,10.88,11.60,13.05,13.78,14.50,d5b31e618eee5bada40d0ac9546a0868c66dc9207b1483532be82ed3ec23b919
GOSF14-11x17,"Graffiti Polyester Paper","Graffiti Polyester 14mil","11x17",0.120645,25,6.34,7.70,8.56,9.10,9.10,9.75,10.40,11.70,12.35,13.00,c1b0048565d1f714311ab04bb8e013d14596726b418be0543b60675c3cc7bac2
GOSF14-12x18,"Graffiti Polyester Paper","Graffiti Polyester 14mil","12x18",0.139355,25,6.34,7.70,8.56,9.10,9.10,9.75,10.40,11.70,12.35,13.00,806ce259de852fecbb329dfd462bb184da792d155a913b158779365c0257a96d
GOSF14-13x19,"Graffiti Polyester Paper","Graffiti Polyester 14mil","13x19",0.159355,25,6.34,7.70,8.56,9.10,9.10,9.75,10.40,11.70,12.35,13.00,47464c86e72f9c5dc6104d239f7695ad1328a268ad985ad5ed7965ff5e99c102
GOSF14-14x20,"Graffiti Polyester Paper","Graffiti Polyester 14mil","14.33x20.5",0.189525,25,6.34,7.70,8.56,9.10,9.10,9.75,10.40,11.70,12.35,13.00,7bd18d7fae57c5286884eaf51c698d414a714ca300dffd3e5b048b11ad385ffd
GOSF14-14x26,"Graffiti Polyester Paper","Graffiti Polyester 14mil","14.33x26",0.240374,25,6.34,7.70,8.56,9.10,9.10,9.75,10.40,11.70,12.35,13.00,5d98c5169db3e3639ca22d16d67766139afb647f006f53214a7f470c45a363bd
GMEG08-13x19,"Graffiti Polyester Paper","Graffiti Polyester Film - Gold 8mil","13x19",0.159355,50,5.95,7.23,8.03,8.45,9.80,10.50,11.20,12.60,13.30,14.00,d6226493aed051a234d6b6125e033cca5f97176a13842826758a371deb1e253c
GMEG11-13x19,"Graffiti Polyester Paper","Graffiti Polyester Film - Gold 11mil","13x19",0.159355,50,8.50,10.32,11.47,12.07,14.00,15.00,16.00,18.00,19.00,20.00,e4d23a47dd5413dfbff6134decf600d9dbf839cf64f59c245baabeacf5e71689
GMES08-13x19,"Graffiti Polyester Paper","Graffiti Polyester Film - Silver 8mil","13x19",0.159355,50,5.95,7.23,8.03,8.45,9.80,10.50,11.20,12.60,13.30,14.00,da4457b964577ce984d6941ae47e35bd9dcd0fdac72521df12254a92a7536d57
GMES11-13X19,"Graffiti Polyester Paper","Graffiti Polyester Film - Silver 11mil","13x19",0.159355,50,8.50,10.32,11.47,12.07,14.00,15.00,16.00,18.00,19.00,20.00,2a39ff6cbfea851e4d287052473a92ade2e1c90d33bfdd6cd765b1364bbc9b1b
GMER08-13X19,"Graffiti Polyester Paper","Graffiti Polyester Film - Rose 8mil","13x19",0.159355,50,6.29,7.64,8.49,8.93,10.36,11.10,11.84,13.32,14.06,14.80,09e0ef216c9809315498832516e68e109da85853551b50e03ba6870f1c434d03
GMER11-13X19,"Graffiti Polyester Paper","Graffiti Polyester Film - Rose 11mil","13x19",0.159355,50,8.50,10.32,11.47,12.07,14.00,15.00,16.00,18.00,19.00,20.00,0ed65830e9cd06d33e84f202915dff9072a98dd629ceddc55ba1fb7fa73a3ec7
GMEM08-13X19,"Graffiti Polyester Paper","Graffiti Polyester Film - Mirror 8mil","13x19",0.159355,50,5.61,6.81,7.57,7.97,9.24,9.90,10.56,11.88,12.54,13.20,1ae569f8edf865d96a7e285133ab0022758706524627a0342b04c4fa7856149a
GBAC08-13X19,"Graffiti Polyester Paper","Graffiti Polyester Film - Backlit 8mil","13x19",0.159355,50,2.96,3.60,4.00,4.21,5.04,5.40,5.76,6.48,6.84,7.20,1b186f06cc42ba0b1604052f0c54519a8ad50dc3cd33bd182f0f96e227b78bae
GBAC08-12X18,"Graffiti Polyester Paper","Graffiti Polyester Film - Backlit 8mil","12x18",0.139355,50,2.96,3.60,4.00,4.21,5.04,5.40,5.76,6.48,6.84,7.20,656183918d277565921aa273bdf17110653f28a12af20c8f0f7660831fd48a55
GBAC08-14X20,"Graffiti Polyester Paper","Graffiti Polyester Film - Backlit 8mil","14.33x20.5",0.189525,50,2.96,3.60,4.00,4.21,5.04,5.40,5.76,6.48,6.84,7.20,8d93122164ffb6f8a9e0f84fe7eb1f7d9b4039feccc3c462927553b670285b55
SFLFS04-08X11,"Graffiti Polyester Paper","Graffiti Frosted Film -4mil","8.5x11",0.060322,100,1.70,2.06,2.29,2.41,4.38,4.69,5.00,5.63,5.94,6.25,d5a35c5faf6317250d4d48d201bcaf2df2b68e366e40746f25db8098b285deb6
SFLFS04-11X17,"Graffiti Polyester Paper","Graffiti Frosted Film -4mil","11x17",0.120645,100,1.70,2.06,2.29,2.41,4.38,4.69,5.00,5.63,5.94,6.25,28b5b74321732860236c149ec68ce184690a275294eb1f10fdb52be17d34c909
SFLFS04-12X18,"Graffiti Polyester Paper","Graffiti Frosted Film -4mil","12x18",0.139355,100,1.70,2.06,2.29,2.41,4.38,4.69,5.00,5.63,5.94,6.25,a9f1a29f3000bf4a3a4011d425a0fd0c5ed00988ce333117ab26d0a819e2247d
SFLFS04-13X19,"Graffiti Polyester Paper","Graffiti Frosted Film -4mil","13x19",0.159355,100,1.70,2.06,2.29,2.41,4.38,4.69,5.00,5.63,5.94,6.25,a341c5fb7adb40907cf8161b1d692870cab43396ff4bab0f4e088e13ea8776c5
SFLFS04-08X14,"Graffiti Polyester Paper","Graffiti Frosted Film -4mil","8.5x14",0.076774,100,1.70,2.06,2.29,2.41,4.38,4.69,5.00,5.63,5.94,6.25,d532fdb9da121d86ad85f3b6504eecfb31a8361a4fcace66d6afde99037e5c40
GFRO11-13X19,"Graffiti Polyester Paper","Graffiti Frosted Film -11mil","13x19",0.159355,50,4.08,4.95,5.50,5.79,7.56,8.10,8.64,9.72,10.26,10.80,eca64b1f952ef35d6113acffca56a7502f4ea603ea35723e5f127c35c887c41c
SFLCS04-13X19,"Graffiti Polyester Paper","Graffiti Clear Film -- 4mil","13x19",0.159355,100,1.87,2.27,2.52,2.66,4.45,4.76,5.08,5.72,6.03,6.35,bc4173e1ae76aadbc75a96db7bfb217f365a9ff7688a69af2f145a85673e0881
SFLCS04-08X14,"Graffiti Polyester Paper","Graffiti Clear Film -- 4mil","8.5x14",0.076774,100,1.87,2.27,2.52,2.66,4.45,4.76,5.08,5.72,6.03,6.35,3802d3e25ec220ee16446e97184f9633461986acf6e08a79da248eb9389f1f1a
SFLCS04-11X17,"Graffiti Polyester Paper","Graffiti Clear Film -- 4mil","11x17",0.120645,100,1.87,2.27,2.52,2.66,4.45,4.76,5.08,5.72,6.03,6.35,3b4dca3aa838216e81028197d97786c48a3c40c76582ccce02b36dd8022cf1ab
SFLCS04-12X18,"Graffiti Polyester Paper","Graffiti Clear Film -- 4mil","12x18",0.139355,100,1.87,2.27,2.52,2.66,4.45,4.76,5.08,5.72,6.03,6.35,6bc563edefe5465ae3f4ecddf773b5a9c1f1b8638109882b19df5ab4af9466ba
GCLE10-13X19,"Graffiti Polyester Paper","Graffiti Clear Film -10mil","13x19",0.159355,50,4.08,4.95,5.50,5.79,7.70,8.25,8.80,9.90,10.45,11.00,c57b96c3d8dc394bcffca6de7ceaa75461510c8bb94c36c0b07361345948116c
GCLE10-12X18,"Graffiti Polyester Paper","Graffiti Clear Film -10mil","12x18",0.139355,50,4.08,4.95,5.50,5.79,7.70,8.25,8.80,9.90,10.45,11.00,25f0e178a3c0fc6abe83fa70a9276030126194771117d8fb0cf3b2a95cf04126
GAURA301-13X19,"Graffiti Polyester Paper","AuraBoard - Silver","13x19",0.159355,100,4.90,5.95,6.61,6.95,7.00,7.50,8.00,9.00,9.50,10.00,14d30fe7953c0fc0d19b4d33633f5054dc440cce5087168ac8fae27357b413de
GAURA102-13X19,"Graffiti Polyester Paper","AuraBoard - Holographics","13x19",0.159355,100,6.97,8.47,9.41,9.90,9.90,9.75,10.40,11.70,12.35,13.00,acbef756f7f4a00dfc6d6a5831f82745f426d5aad9578ed6e662c93878983cfc
GCAN12-13X19,"Graffiti Polyester Paper","Digital Fabric - 12 Oz","13x19",0.159355,200,6.80,8.25,9.17,9.65,11.20,12.00,12.80,14.40,15.20,16.00,bb5263e08970879afa9e417021e06807bbd6a4c330a06bb96784a88a4bc831cb
GPOLY081218B,"Graffiti Blended Poly","Graffiti Blended Poly - 8mil / 235gsm","12x18",0.139355,500,2.04,2.48,2.75,2.90,3.12,3.36,3.60,3.84,4.32,4.80,f2a4241282d5265051f5b83452887f4c6ec758fc2e0b90ac0e9276eff0a2a8d7
GPOLY081319B,"Graffiti Blended Poly","Graffiti Blended Poly - 8mil / 235gsm","13x19",0.159355,500,2.04,2.48,2.75,2.90,3.12,3.36,3.60,3.84,4.32,4.80,e0062257aba0a4475f57afb927ba5b2d20453f9c9da470b38d75ecf0ed9f509f
GPOLY082130B,"Graffiti Blended Poly","Graffiti Blended Poly - 8mil / 235gsm","20.9x29.5",0.397773,500,2.04,2.48,2.75,2.90,3.12,3.36,3.60,3.84,4.32,4.80,59f4298fac5319f1f543efed67d269d82c2650c424776bddb08150da8d62dcdd
GPOLY082840B,"Graffiti Blended Poly","Graffiti Blended Poly - 8mil / 235gsm","28x40",0.722579,500,2.04,2.48,2.75,2.90,3.12,3.36,3.60,3.84,4.32,4.80,d7c40e907c470eb556c5cdc422a554ef88b7d3b4f349f49d9d6c5d45314fe7ca
GPOLY111218B,"Graffiti Blended Poly","Graffiti Blended Poly- 11mil / 347gsm","12x18",0.139355,500,2.72,3.30,3.67,3.86,4.16,4.48,4.80,5.12,5.76,6.40,e4225096f47a8d947e895f42a0b619f66696cd8c07463aaa10c7f5d0797893a5
GPOLY111319B,"Graffiti Blended Poly","Graffiti Blended Poly- 11mil / 347gsm","13x19",0.159355,500,2.72,3.30,3.67,3.86,4.16,4.48,4.80,5.12,5.76,6.40,f879079c6f5b74c04a574ae90ab1e757c15907e6e41b1f00961aafb7e67d59d3
GPOLY112130B,"Graffiti Blended Poly","Graffiti Blended Poly- 11mil / 347gsm","20.9x29.5",0.397773,500,2.72,3.30,3.67,3.86,4.16,4.48,4.80,5.12,5.76,6.40,d34d9327408e371a833535669463585d948874bce6b60dfec86cb4d2fca73fd0
GPOLY112840B,"Graffiti Blended Poly","Graffiti Blended Poly- 11mil / 347gsm","28x40",0.722579,500,2.72,3.30,3.67,3.86,4.16,4.48,4.80,5.12,5.76,6.40,f803ddec29223a6f9e45973e32ec93994074fb7832925a4cde3031b11f4803e5
GPOLY141218B,"Graffiti Blended Poly","Graffiti Blended Poly - 14mil / 420gsm","12x18",0.139355,400,3.23,3.92,4.36,4.59,4.94,5.32,5.70,6.08,6.84,7.60,6c26090190b78a90f388c9ae66c14de9638c18aa870fe8e33f57d3699333ce6c
GPOLY141319B,"Graffiti Blended Poly","Graffiti Blended Poly - 14mil / 420gsm","13x19",0.159355,400,3.23,3.92,4.36,4.59,4.94,5.32,5.70,6.08,6.84,7.60,9c0c7d3b6b26610418116664f82c84d605e6f45b68bbdd53d7ffab4c2a66cec1
GPOLY142130B,"Graffiti Blended Poly","Graffiti Blended Poly - 14mil / 420gsm","20.9x29.5",0.397773,400,3.23,3.92,4.36,4.59,4.94,5.32,5.70,6.08,6.84,7.60,3d6a1459d82fa2e7a9dbbbad2ad50d1bf592ee155498937102f34c79da083a5f
GPOLY142840B,"Graffiti Blended Poly","Graffiti Blended Poly - 14mil / 420gsm","28x40",0.722579,400,3.23,3.92,4.36,4.59,4.94,5.32,5.70,6.08,6.84,7.60,06d291f218886cceb8990325c8e20cfac17d25b33d0b01c807d258a03eebf5c3
GPOLY081218M,"Graffiti SOFT Poly","Graffiti Soft Poly - 8mil / 200mic","12x18",0.139355,500,0.00,0.00,0.00,0.00,2.93,3.15,3.38,3.60,4.05,4.50,5d6d8d6275ea3220761edf73567a4e346035f77535a71aa109d8172b97984cdf
GPOLY081319M,"Graffiti SOFT Poly","Graffiti Soft Poly - 8mil / 200mic","13x19",0.159355,500,0.00,0.00,0.00,0.00,2.93,3.15,3.38,3.60,4.05,4.50,f136976fb70108e8f65541432cdf72bb384e257e058b92a7b0e6ef026f0c0f80
GPOLY082130M,"Graffiti SOFT Poly","Graffiti Soft Poly - 8mil / 200mic","20.9x29.5",0.397773,500,0.00,0.00,0.00,0.00,2.93,3.15,3.38,3.60,4.05,4.50,7c4c3e4c6c995d8e9f64554276002a6a9704449cf038c9e6fa5c5444944c177c
GPOLY082840M,"Graffiti SOFT Poly","Graffiti Soft Poly - 8mil / 200mic","28x40",0.722579,500,0.00,0.00,0.00,0.00,2.93,3.15,3.38,3.60,4.05,4.50,8d2bad297a7f9da60a9d80c8c1e2183f05e4fd0acfb7652495c05e1b7c89ef0e
GPOLY111218M,"Graffiti SOFT Poly","Graffiti Soft Poly - 11mil / 260mic","12x18",0.139355,500,0.00,0.00,0.00,0.00,3.90,4.20,4.50,4.80,5.40,6.00,7f3382ea1974a4194f73fd071495946de432ac1a3363ca89ffeb612fd91f0218
GPOLY111319M,"Graffiti SOFT Poly","Graffiti Soft Poly - 11mil / 260mic","13x19",0.159355,500,0.00,0.00,0.00,0.00,3.90,4.20,4.50,4.80,5.40,6.00,d99b1a23939c6a7604790b1d0d336c95c8a7b84b3eaf6c13c97d15e131709a38
GPOLY112130M,"Graffiti SOFT Poly","Graffiti Soft Poly - 11mil / 260mic","20.9x29.5",0.397773,500,0.00,0.00,0.00,0.00,3.90,4.20,4.50,4.80,5.40,6.00,64ac8390d1ba02e06a3e6b33a53b13df51a13cdf8c038978936f0d5f8d4557f6
GPOLY112840M,"Graffiti SOFT Poly","Graffiti Soft Poly - 11mil / 260mic","28x40",0.722579,500,0.00,0.00,0.00,0.00,3.90,4.20,4.50,4.80,5.40,6.00,a4143270316668002e5c3f0d5f1111d45f3c8d28f49caea4931c65143de400e2
GPOLY141218M,"Graffiti SOFT Poly","Graffiti Soft Poly - 14mil / 330mic","12x18",0.139355,400,0.00,0.00,0.00,0.00,4.55,4.90,5.25,5.60,6.30,7.00,0d9d985ba8fd98e76110b7714717fd58bc967195b8066178563db6865f65e4fb
GPOLY141319M,"Graffiti SOFT Poly","Graffiti Soft Poly - 14mil / 330mic","13x19",0.159355,400,0.00,0.00,0.00,0.00,4.55,4.90,5.25,5.60,6.30,7.00,354d2046f07cefe927eaa26729111bcf5a745444e701371954d81333b77f2556
GPOLY142130M,"Graffiti SOFT Poly","Graffiti Soft Poly - 14mil / 330mic","20.9x29.5",0.397773,400,0.00,0.00,0.00,0.00,4.55,4.90,5.25,5.60,6.30,7.00,9965f7e860499fec3a13a7bf3c17f549691ab15ad4a17dc5cf6ab2937c18e0a6
GPOLY142840M,"Graffiti SOFT Poly","Graffiti Soft Poly - 14mil / 330mic","28x40",0.722579,400,0.00,0.00,0.00,0.00,4.55,4.90,5.25,5.60,6.30,7.00,6d3c5937694c975762382626450897ccc4b803d3ff5156757e8ed141aabd746b
GSCOL040811W,"Graffiti STICK","Graffiti COOLStick - 4mil","8.5x11",0.060322,100,1.58,1.91,2.13,2.24,3.85,4.13,4.40,4.95,5.23,5.50,82fd9c0ef732fc7fa1c9c9cfc8992a490775223d6b94417697831101cb38d482
GSCOL041218W,"Graffiti STICK","Graffiti COOLStick - 4mil","12x18",0.139355,100,1.58,1.91,2.13,2.24,3.85,4.13,4.40,4.95,5.23,5.50,82f8a43f694f7c16d401a46f0b1d54c07b9567464bda6af8d996708105cc8aff
GSCOL041319W,"Graffiti STICK","Graffiti COOLStick - 4mil","13x19",0.159355,100,1.58,1.91,2.13,2.24,3.85,4.13,4.40,4.95,5.23,5.50,0808818fd2f5aaeb0a75e9d5b89ce63ff6895ea3aebf7539c391c7892ed9254b
GSCLR042130C,"Graffiti STICK","Graffiti COOLStick - 4mil","20.9x29.5",0.397773,100,1.58,1.91,2.13,2.24,3.85,4.13,4.40,4.95,5.23,5.50,3527011beca0a75d591691e933c27e36cbc33b162f628d1e023dc31f3bb17b1d
GSCLR041319C,"Graffiti STICK","Graffiti CLEARStick - 4mil","13x19",0.159355,100,2.46,2.99,3.33,3.50,4.06,4.35,4.64,5.22,5.51,5.80,ffc88f1377f63c62988372daebabd5cb2f8ee1fa0db763a279d2a4b1cdd885fd
GSSILS041319S,"Graffiti STICK","Graffiti SILVERStick - 4mil","13x19",0.159355,100,2.32,2.82,3.14,3.30,4.69,5.03,5.36,6.03,6.37,6.70,26f7491d51218ddebe87506611936d285a9f18bb2c3377af90b60f9400d77792
GSPAP041218S,"Graffiti STICK","Graffiti PAPERStick - 4mil","12x18",0.139355,100,1.40,1.61,1.79,1.89,2.10,2.25,2.40,2.70,2.85,3.00,b302c270080a0ac01ed86d585fd430b69d61c6b725f0af2e6b9083524b80ddcf
GSPAP041319W,"Graffiti STICK","Graffiti PAPERStick - 4mil","13x19",0.159355,100,1.40,1.61,1.79,1.89,2.10,2.25,2.40,2.70,2.85,3.00,4f07ffa47f3d7354f0833e5c74721908dfe5bfbdf2641d37e63bc5e0d10db975
GSPAP042130S,"Graffiti STICK","Graffiti PAPERStick - 4mil","20.9x29.5",0.397773,100,1.40,1.61,1.79,1.89,2.10,2.25,2.40,2.70,2.85,3.00,4669e02a44ac5e1846cc040725943049cb1fe79d429b150a0157f27b9e888e46
GSMAG1613x19L,"Graffiti STICK","Graffiti MAGNETICS - 16mil","13x19",0.159355,100,8.72,10.59,11.77,12.39,11.20,12.00,12.80,14.40,15.20,16.00,7abfc7c1cd6a59ea89f444c146f64bcea8146bb0562a86aca9a53eeabd46cf59
GSDUR061319W2,"Graffiti STICK","Graffiti DURAStick - 6mil","13x19",0.159355,200,2.47,3.00,3.33,3.51,3.50,3.75,4.00,4.50,4.75,5.00,06e39ce278845fd328db1aa3458970467ec54d599c5b1e27f09c5ece1d356986
GSSLI061319C,"Graffiti STICK","Graffiti SlickStick Clear - 6mil","13x19",0.159355,100,7.18,8.72,9.69,10.20,9.80,10.50,11.20,12.60,13.30,14.00,a7d755b787b1b6b2742ce2cd18190a806312067f43b1446ec5f872c2f0309041
GSSLI061319W,"Graffiti STICK","Graffiti SlickStick White - 6mil","13x19",0.159355,100,7.20,8.80,9.70,11.80,9.10,9.75,10.40,11.70,12.35,13.00,f8b77769dc67234eb785c136a558e891034a41ff2e7b711ae976ec8ba0c0fe99
SOWVB645410S,"Solvit Sign & Display Media","SolviT One Way Vision Film 7mil - 60:40","54x100'",41.806368,1,3.74,4.54,5.04,5.31,5.50,5.60,5.80,5.90,6.00,6.10,251b7e762e20a7cbd7d7c16bf1c871ac753a2806a0a10df0e42c9d928c958662
SOWVB646010S,"Solvit Sign & Display Media","SolviT One Way Vision Film 7mil - 60:41","60x100'",46.451520,1,3.74,4.54,5.04,5.31,5.50,5.60,5.80,5.90,6.00,6.10,509fbfde57642f983f81acb602c1e0f654b37370f9d2d52126c0f20adf78442b
SOWVB735410S,"Solvit Sign & Display Media","SolviT One Way Vision Film 7mil - 70:30","54x100'",41.806368,1,3.74,4.54,5.04,5.31,5.50,5.60,5.80,5.90,6.00,6.10,db8c68592147b15d46fa2bde51e5020207fb65e9630a5e231e5c6da4517cb2a3
SOWVB736010S,"Solvit Sign & Display Media","SolviT One Way Vision Film 7mil - 70:31","60x100'",46.451520,1,3.74,4.54,5.04,5.31,5.50,5.60,5.80,5.90,6.00,6.10,6ec9e2410f611f7bb29977109c6c93e98f85d1907082ef28614c26a7ff9d96e1
SPETG083810L,"Solvit Sign & Display Media","SolviT Polyester (Grey Back) Banner 8mil","38x100'",29.419296,1,3.32,3.32,3.32,3.32,3.32,3.38,3.38,3.60,4.05,4.50,87d038d053d2818fc170174c0832b34000772a132e13784b227520cff26287d0
SPETG083816L,"Solvit Sign & Display Media","SolviT Polyester (Grey Back) Banner 8mil","38x165'",48.541838,1,3.32,3.32,3.32,3.32,3.32,3.38,3.38,3.60,4.05,4.50,878531c37cebedf3ca6269307c8bb1d842c39589153e724845b61cd8ec11a263
SPETG085410L,"Solvit Sign & Display Media","SolviT Polyester (Grey Back) Banner 8mil","54x100'",41.806368,1,3.32,3.32,3.32,3.32,3.32,3.38,3.38,3.60,4.05,4.50,6cdf766f69aa0ed2deb3ee48f7ac31994fc03eb40abadbdb811dd9a849601928
SPETW083810M,"Solvit Sign & Display Media","SolviT Polyester (White Back) Banner 8mil","38x100'",29.419296,1,3.15,3.10,3.10,3.10,3.10,3.10,3.10,3.10,3.10,3.75,fc09b43c7302385b0007a08c7d46863928a073b19e04c9dd4da11a3c30057238
SPETG103810L,"Solvit Sign & Display Media","SolviT Polyester (Grey Back) Banner 10mil","38x100'",29.419296,1,4.17,4.20,4.30,4.30,4.30,4.34,4.62,5.20,5.49,5.78,bc11fa9822d4f29ef7b410b69ab6d27b2ef1d96b1b6039e3965638419ad39721
SPVC8133815G,"Solvit Sign & Display Media","PVC Banner 13 Oz (840x840) - Gloss","38x150'",44.128944,1,1.50,1.50,1.50,1.50,1.50,1.90,1.90,1.90,1.90,1.90,b632cdf2dd41f6d3de0aede2b0bc8834f2fc575b059e36bc51f49d065e29dd83
SPVC8135415G,"Solvit Sign & Display Media","PVC Banner 13 Oz (840x840) - Gloss","54x150'",62.709552,1,1.50,1.50,1.50,1.50,1.50,1.90,1.90,1.90,1.90,1.90,61cfbb20f088a1df9ec23f9308b49a994a0fdd2e0cc63f9a2307052685b09fa2
SPVC8136314G,"Solvit Sign & Display Media","PVC Banner 13 Oz (840x840) - Gloss","63x140'",68.283734,1,1.50,1.50,1.50,1.50,1.50,1.90,1.90,1.90,1.90,1.90,8e128ce1de372765a95fa6c56724bd30ee0ce218d37bde52b7f670624931430b
SPVC8133815M,"Solvit Sign & Display Media","PVC Banner 13 Oz (840x840) - Matte","38x150'",44.128944,1,1.50,1.50,1.50,1.50,1.50,1.90,1.90,1.90,1.90,1.90,db4ef136aebef2a9d22ca2f030d861a826e58fe01d11b3097c70996b814efb79
SPVC8135415M,"Solvit Sign & Display Media","PVC Banner 13 Oz (840x840) - Matte","54x150'",62.709552,1,1.50,1.50,1.50,1.50,1.50,1.90,1.90,1.90,1.90,1.90,7c74da585ab4379c78925b173a95f44042ed8edb730d0ee162bc21096bcb2667
SPVC8136314M,"Solvit Sign & Display Media","PVC Banner 13 Oz (840x840) - Matte","63x140'",68.283734,1,1.50,1.50,1.50,1.50,1.50,1.90,1.90,1.90,1.90,1.90,b9f79ecefe6fcf068402dfcb2d611ad196e773624b2487d09e780fb9ba414b8a
SPOP1755015S,"Solvit Sign & Display Media","SolviT Poster Paper 175gsm","50x150'",58.064400,1,1.10,1.34,1.49,1.57,1.60,1.65,1.76,1.98,2.09,2.20,7a06c44c4d4e0047e610e6bc2c5aba66d6e38879e42bbc784e740ca1edaeaf02
SPOP1755415S,"Solvit Sign & Display Media","SolviT Poster Paper 175gsm","54x150'",62.709552,1,1.10,1.34,1.49,1.57,1.60,1.65,1.76,1.98,2.09,2.20,c076e12fd020f583947e47b1dd631d660f4c0330e7a449dab2d884e96afbcc28
SPOP1756015S,"Solvit Sign & Display Media","SolviT Poster Paper 175gsm","60x150'",69.677280,1,1.10,1.34,1.49,1.57,1.60,1.65,1.76,1.98,2.09,2.20,d2008d5d1bee7eb1b6b3a4f59ad50b35ae76a5e74ab88226091493d4232e31c7
SBACW085410M,"Solvit Sign & Display Media","SolviT Backlit Film 8mil","54x100'",41.806368,1,3.06,3.10,3.15,3.15,3.15,3.20,3.40,3.70,3.80,3.90,ea14b26f01026f426645bd4a0d761c2d02d620814247611a083475dc2031ca57
SBACW086010M,"Solvit Sign & Display Media","SolviT Backlit Film 8mil","60x100'",46.451520,1,3.06,3.10,3.15,3.15,3.15,3.20,3.40,3.70,3.80,3.90,92d037998561effd95c6026b058c7bb308b09978cfc2537612c3067ff276f0ac
SSAVG045415G,"Solvit Sign & Display Media","Self Adhesive Vinyl - 4mil - Gloss","54x150'",62.709552,1,1.32,1.60,1.65,1.70,1.70,1.70,1.70,1.70,1.70,1.70,5b3dd354f32d165bca7fa2df06abc087118d9cb1e8d2d3efbb8665d1944307dc
SSAVG046015G,"Solvit Sign & Display Media","Self Adhesive Vinyl - 4mil - Gloss","60x150'",69.677280,1,1.32,1.60,1.65,1.70,1.70,1.70,1.70,1.70,1.70,1.70,9bceb674c0c9c0bad09a851dfe088298fd1c90c0999fd5db341cfdb543f5e0f5
SSAVG045415M,"Solvit Sign & Display Media","Self Adhesive Vinyl - 4mil - Matte","54x150'",62.709552,1,1.32,1.60,1.65,1.70,1.70,1.70,1.70,1.70,1.70,1.70,6493654921a02bf04a1ae0d046c09bc3b181d91b85d71148c2867470689d4398
SSAVG046015M,"Solvit Sign & Display Media","Self Adhesive Vinyl - 4mil - Matte","60x150'",69.677280,1,1.32,1.60,1.65,1.70,1.70,1.70,1.70,1.70,1.70,1.70,e061e3b5f549de0ecd792341b383b01742ad1c6ba1338386cc31ce39ce5a38cb
SSAVW065410G,"Solvit Sign & Display Media","Self Adhesive Vinyl - 6mil - Gloss","54x100'",41.806368,1,2.64,2.64,2.64,2.64,2.64,2.64,2.64,2.64,2.64,2.64,1f2ebab6fc481dc475e5ba2f80481f2abb0b256bcd92817c988135c71a305990
SSAVW066010G,"Solvit Sign & Display Media","Self Adhesive Vinyl - 6mil - Gloss","60x100'",46.451520,1,2.64,2.64,2.64,2.64,2.64,2.64,2.64,2.64,2.64,2.64,f7ea72112210df955121be8d3257af1ea29b9175f4873a9d26fe4411acf5825d
SSAVW065410M,"Solvit Sign & Display Media","Self Adhesive Vinyl - 6mil - Matte","54x100'",41.806368,1,2.64,2.64,2.64,2.64,2.64,2.64,2.64,2.64,2.64,2.64,c225863d4f8b23ea6b7f9ee79b08b85827f1db914af746e2b89bf5f15fd6b756
SSAVW066010M,"Solvit Sign & Display Media","Self Adhesive Vinyl - 6mil - Matte","60x100'",46.451520,1,2.64,2.64,2.64,2.64,2.64,2.64,2.64,2.64,2.64,2.64,89f2cb4798f18cf8bd5fd63471fc012f76e9809f3c6b6446b16a8b93633fe381
SPOLY11-3810M,"Solvit Sign & Display Media","SolviT PolySign 11mil","38x100'",29.419296,1,1.87,2.27,2.52,2.66,2.70,2.72,2.89,3.06,3.23,3.40,1040560edcdcaf0a6550ea3800515fc78d1b199bda8188d591fc384e015f881a
SPOLY11-5415M,"Solvit Sign & Display Media","SolviT PolySign 11mil","54x150'",62.709552,1,1.87,2.27,2.52,2.66,2.70,2.72,2.89,3.06,3.23,3.40,d508dbcf2365af58550c91e459c17ee1773b851f5d9a72b65bba40a84ab2e488
SPOLY11-6015M,"Solvit Sign & Display Media","SolviT PolySign 11mil","60x150'",69.677280,1,1.87,2.27,2.52,2.66,2.70,2.72,2.89,3.06,3.23,3.40,0f28b7cc764f2572f9a63a0369691eb8098389825f750cea728d162538028b60
SPOLY17-3810M,"Solvit Sign & Display Media","SolviT PolySign 17mil","38x100'",29.419296,1,2.89,3.51,3.90,4.10,4.15,4.24,4.51,4.77,5.04,5.30,e66af294f87cddf43584cf641fde240e92221d4295cccc38ff5d59010ad74990
SPOLY17-5410M,"Solvit Sign & Display Media","SolviT PolySign 17mil","54x100'",41.806368,1,2.89,3.51,3.90,4.10,4.15,4.24,4.51,4.77,5.04,5.30,144bdc6834ea8f9cb3beea9c639b38032269b251571dad6155a1d7f2cddff190
SPOLY17-6010M,"Solvit Sign & Display Media","SolviT PolySign 17mil","60x100'",46.451520,1,2.89,3.51,3.90,4.10,4.15,4.24,4.51,4.77,5.04,5.30,ffd7e6b65753c0abb37bfc060d7d80165f1084aba36a49f70165e70c776d4deb
SSLIS05-54x100W,"Solvit Sign & Display Media","SlickStick 5mil Polyester","54x100'",41.806368,1,6.12,7.43,8.26,8.69,8.69,8.69,9.00,9.10,9.30,9.50,8531aaa03577c1639f93b8ffa711d0268d34d53e4aa0f232735bb2e6bbbbc457
CCLP3004460T,"CliQ Aqueous Medias","Cold Press Paper 300gsm","44x60'",20.438669,1,11.32,13.74,15.27,16.08,19.24,20.62,21.99,23.37,24.74,27.49,05624c7ffceac44bb5588d8385cb53acf27485d34ee3ac7f1e6026ab4d9490af
CCLP3004440T,"CliQ Aqueous Medias","Cold Press Paper 300gsm","44x40'",13.625779,1,11.32,13.74,15.27,16.08,19.24,20.62,21.99,23.37,24.74,27.49,9ecadda5d1e84ec43bf4e7ca41c78049cb9c3887a4753d240d56b6de21573d40
CHOT2702440M,"CliQ Aqueous Medias","Hot Press Paper 270gsm","24x40'",7.432243,1,15.14,18.38,20.43,21.50,25.74,27.57,29.41,31.25,33.09,36.77,77351c5dabf15a9673d1cf71e225111793c973dcf3d9fcd0b105f163cccce117
CHOT2703640M,"CliQ Aqueous Medias","Hot Press Paper 270gsm","36x40'",11.148365,1,15.14,18.38,20.43,21.50,25.74,27.57,29.41,31.25,33.09,36.77,6e012d5b17ebf49b7c2ba3e8ddc7bfbe511475a161dd40a9f3645b16d0cc6643
CHOT2704440M,"CliQ Aqueous Medias","Hot Press Paper 270gsm","44x40'",13.625779,1,15.14,18.38,20.43,21.50,25.74,27.57,29.41,31.25,33.09,36.77,02a5371a1f126878626d2165cc7202cbe20be8e397dcff7b85939055807553f3
CCOT3002440T,"CliQ Aqueous Medias","Cotton Rag Paper 300gsm","24x40'",7.432243,1,12.59,15.29,16.99,17.88,21.41,22.94,24.46,25.99,27.52,30.58,b9bd1e9e116403917e4a7bfac37f589e9178f7005b8eacfe570ba019d03e2c07
CCOT3003640T,"CliQ Aqueous Medias","Cotton Rag Paper 300gsm","36x40'",11.148365,1,12.59,15.29,16.99,17.88,21.41,22.94,24.46,25.99,27.52,30.58,5939464acdded4f7a848d79c24952be20ad4e9ed149567d0af6d2be8a983abfb
CCOT3004440T,"CliQ Aqueous Medias","Cotton Rag Paper 300gsm","44x40'",13.625779,1,12.59,15.29,16.99,17.88,21.41,22.94,24.46,25.99,27.52,30.58,a57f58075fe5fea2ca191c3d59ab307c4d78526f997948cf09ffb75cc25e707f
CCOT3004460T,"CliQ Aqueous Medias","Cotton Rag Paper 300gsm","44x60'",20.438669,1,12.59,15.29,16.99,17.88,21.41,22.94,24.46,25.99,27.52,30.58,0bbc0ac3fc7a41c758babaaca88a66a77d6ad18ed6505bfee4fdc150bf3025e8
CMAT2302410M,"CliQ Aqueous Medias","Inkjet Matte Paper 230gsm","24x100'",18.580608,1,5.00,4.00,3.00,2.00,1.00,1.30,1.20,1.10,1.00,5.00,7db68045d204e0a1cc1400087c85955de23377d54a14d9d1842c270ceb411f9d
CMAT2303610M,"CliQ Aqueous Medias","Inkjet Matte Paper 230gsm","36x100'",27.870912,1,5.00,4.00,3.00,2.00,1.00,1.30,1.20,1.10,1.00,5.00,f887a798fcf438b69b68116f0694c2adbf336bb8895f410fa0e9139dd79ae897
CMAT2304410M,"CliQ Aqueous Medias","Inkjet Matte Paper 230gsm","44x100'",34.064448,1,5.00,4.00,3.00,2.00,1.00,1.30,1.20,1.10,1.00,5.00,e96531a6c2a98539fd2716b19d88db971cfc97132aae5171f9c0100910316dd1
CPET0073610G,"CliQ Aqueous Medias","PETBull 7mil - Gloss","36x100'",27.870912,1,3.15,3.82,4.24,4.47,5.18,5.55,5.92,6.29,6.66,7.40,967ceaa12755d75731acf6f3f8d36dc6350d64b05fa104fc30ed63104b6269a2
CPET0074410G,"CliQ Aqueous Medias","PETBull 7mil - Gloss","44x100'",34.064448,1,3.15,3.82,4.24,4.47,5.18,5.55,5.92,6.29,6.66,7.40,aa334165e98ef980fdb6878b692ba286b1ea9b46d30924733161830715f0b22e
CPET0073610S,"CliQ Aqueous Medias","PETBull 7mil - Satin","36x100'",27.870912,1,3.15,3.82,4.24,4.47,5.18,5.55,5.92,6.29,6.66,7.40,89fd3400a5d75ca4561ebc422de2fcf62958c362d29d08cb163d904bb75ff2c4
CPET0074410S,"CliQ Aqueous Medias","PETBull 7mil - Satin","44x100'",34.064448,1,3.15,3.82,4.24,4.47,5.18,5.55,5.92,6.29,6.66,7.40,8eb42ebf58b4ad8b34049ebc598bbaa516630699b4fb1cc983efc4d2f6b7f91e
CRCP2422410G,"CliQ Aqueous Medias","Photo Paper 10.4mil - Gloss","24x100'",18.580608,1,2.85,3.47,3.85,4.05,4.70,5.04,5.38,5.71,6.05,6.72,2171d4567c232aebcebe5dafecc5844adf69890cd44cef0e54896c61c0bd76e3
CRCP2423610G,"CliQ Aqueous Medias","Photo Paper 10.4mil - Gloss","36x100'",27.870912,1,2.85,3.47,3.85,4.05,4.70,5.04,5.38,5.71,6.05,6.72,aa089443a2bd7e66676cccd2892eb0b83a7882e72febf8e70dfdf8956158fb05
CRCP2424410G,"CliQ Aqueous Medias","Photo Paper 10.4mil - Gloss","44x100'",34.064448,1,2.85,3.47,3.85,4.05,4.70,5.04,5.38,5.71,6.05,6.72,21c78ddf39d7d45d7dfb3cbc40bd39adcfc775c931eb6e177a03885e45d83154
CRCP2426010G,"CliQ Aqueous Medias","Photo Paper 10.4mil - Gloss","60x100'",46.451520,1,2.85,3.47,3.85,4.05,4.70,5.04,5.38,5.71,6.05,6.72,8e213865ce342266599900bfc850de2c2d091edb7da2b5be9fd2e7b506a9d664
CRCP2422410S,"CliQ Aqueous Medias","Photo Paper 10.4mil - Satin","24x100'",18.580608,1,2.85,3.47,3.85,4.05,4.70,5.04,5.38,5.71,6.05,6.72,5a3fd7343e6a04a18175fe801fb1ef303cf00d9c5e13dc1ce6094fc581452b6f
CRCP2423610S,"CliQ Aqueous Medias","Photo Paper 10.4mil - Satin","36x100'",27.870912,1,2.85,3.47,3.85,4.05,4.70,5.04,5.38,5.71,6.05,6.72,3e0d05d040ea856ac48e555e9e885f117be2ad6eeab5292f1f1ee89f05c81aaa
CRCP2424410S,"CliQ Aqueous Medias","Photo Paper 10.4mil - Satin","44x100'",34.064448,1,2.85,3.47,3.85,4.05,4.70,5.04,5.38,5.71,6.05,6.72,1cff405b640777b07b82c9cf5994f4233fda80b306204e688fe95c2da8ac9f98
CRCP2426010S,"CliQ Aqueous Medias","Photo Paper 10.4mil - Satin","60x100'",46.451520,1,2.85,3.47,3.85,4.05,4.70,5.04,5.38,5.71,6.05,6.72,b9ac8230ac76ffae767d66135a891e4ea7fff21300655a7332d1c4404215a5a1
CSAV053660M,"CliQ Aqueous Medias","Self Adhesive Vinyl - 5mil (PVC)","36x60'",16.722547,1,5.66,6.88,7.64,8.04,10.78,11.55,12.32,13.09,13.86,15.40,2c11ad7adbc8b768b0a1da358d3c93af2564b5e109dc09a929d913fefcd0101e
CSAV054260M,"CliQ Aqueous Medias","Self Adhesive Vinyl - 5mil (PVC)","42x60'",19.509638,1,5.66,6.88,7.64,8.04,10.78,11.55,12.32,13.09,13.86,15.40,a6b456be7c9ffa116bc06c9796526060991e0f9855e6fc7b32dc44f9d4d71ba4
CSLS2421319S,"CliQ Aqueous Medias","SlickStick 10.4mil","13x19",0.159355,250,6.81,8.27,9.19,9.67,13.23,14.17,15.12,16.06,17.01,18.90,38f6c3a64b9b72b480305319404d1efb710daf24d68eb41f99ad2cff8e4bd584
RDLX2803610M,"Rang Print Canvas","DL Polyester Canvas 280gsm","36x100'",27.870912,1,2.90,3.50,3.88,4.08,4.37,4.68,4.99,5.30,5.62,6.24,24e030241d5a157cc6b3eabc649cbad7c8d1040babaf66bb845eebc64e5f0917
RDLX2804410M,"Rang Print Canvas","DL Polyester Canvas 280gsm","44x100'",34.064448,1,2.90,3.50,3.88,4.08,4.37,4.68,4.99,5.30,5.62,6.24,d738b23c5f738266c1cae19b1e0f6b37bc4ce678461da92ac1740aad05c8f907
RDUO4001740M,"Rang Print Canvas","Rang Duo 400gsm","17x40'",5.264506,1,5.30,6.44,7.15,7.53,7.60,8.00,8.50,9.00,9.50,10.00,a98524d0f4c419297abc258f64f2a7c69bd00a9852a0989e8f20aa847daf6619
RDUO4002440M,"Rang Print Canvas","Rang Duo 400gsm","24x40'",7.432243,1,5.30,6.44,7.15,7.53,7.60,8.00,8.50,9.00,9.50,10.00,a8908ae9e1776160a845ecb551aa510584ff2bc942104db2b1a394c70d851411
RDUO4003660M,"Rang Print Canvas","Rang Duo 400gsm","36x60'",16.722547,1,5.30,6.44,7.15,7.53,7.60,7.84,8.33,8.82,9.31,9.80,9a6c4c7aeab030badab5b6603dd48eb9f0245f6c15650c45e6fc2aa9abb7daa5
RDUO4004460M,"Rang Print Canvas","Rang Duo 400gsm","44x60'",20.438669,1,5.30,6.44,7.15,7.53,7.60,7.84,8.33,8.82,9.31,9.80,f6b86c180318101ade17048eb1ee7fa5fc1be4fe811e3fb99be85fb4f27926fc
RDUO4004475M,"Rang Print Canvas","Rang Duo 400gsm","44x75'",25.548336,1,5.30,6.44,7.15,7.53,7.60,7.84,8.33,8.82,9.31,9.80,1025b48cbea8da469f0fa614dfd1adeb2e9c5af1bffab11d0f80c907ad4c503f
RDUO4006060M,"Rang Print Canvas","Rang Duo 400gsm","60x60'",27.870912,1,5.30,6.44,7.15,7.53,7.60,7.84,8.33,8.82,9.31,9.80,77f156790f543c19ac4d32c75c4a17e4f2ee45aabf680495524bb8095f9503dc
RDUO4006075M,"Rang Print Canvas","Rang Duo 400gsm","60x75'",34.838640,1,5.30,6.44,7.15,7.53,7.60,7.84,8.33,8.82,9.31,9.80,a886123ee1c0601765185d82a192d844ea9fa243d1319396b636aee1667751b7
RDUO4202460S,"Rang Print Canvas","Rang Duo 420gsm","24x60'",11.148365,1,8.20,10.00,11.00,11.70,12.00,12.80,13.60,14.40,15.20,16.00,dee35e09a94cb098f996be3b9e0e2f851675fc73027fd18287b20ee3a0065017
RDUO4203660S,"Rang Print Canvas","Rang Duo 420gsm","36x60'",16.722547,1,8.20,10.00,11.00,11.70,12.00,12.80,13.60,14.40,15.20,16.00,62911719cf468dbbfec07bf2c0b7aa800c27f39c3ac4af40c9e1fd85afd5efb8
RDUO4204460S,"Rang Print Canvas","Rang Duo 420gsm","44x60'",20.438669,1,8.20,10.00,11.00,11.70,12.00,12.80,13.60,14.40,15.20,16.00,a1329ba373c26f891883d558f83a9960acdda00703a6c5afe4808b7076460b53
RDUO4206060S,"Rang Print Canvas","Rang Duo 420gsm","60x60'",27.870912,1,8.20,10.00,11.00,11.70,12.00,12.80,13.60,14.40,15.20,16.00,e6388fba753d5fdee60b718e0e7a64be3fdb5b345134af811fe0a5c8231e70e0
RLUX3456310S,"Rang Print Canvas","Rang Lux 345gsm","63x100'",48.774096,1,3.43,4.16,4.63,4.87,4.90,5.00,5.10,5.20,5.25,5.35,b946954959a1df2f6a696e9dba95c65137e10bc8c4ac3db13acc6bebb0df719b
RLUX3805410M,"Rang Print Canvas","Rang Lux 380gsm","54x100'",41.806368,1,5.01,6.08,6.76,7.12,7.98,5.16,5.48,5.81,6.13,6.45,bfc3d0d54d7ddb5554476fd1701c7437d637820ebc3bbcda139a9237f8200db1
RLUX3806010M,"Rang Print Canvas","Rang Lux 380gsm","60x100'",46.451520,1,5.01,6.08,6.76,7.12,7.98,5.16,5.48,5.81,6.13,6.45,b8656162bbed0e2f2fef7aa0056397cd023b53acb6ffb902660058f85ffd1b70
RLUX3905410G,"Rang Print Canvas","Rang Lux 390gsm","54x100'",41.806368,1,5.20,6.30,7.00,7.40,8.26,5.93,6.30,6.67,7.04,7.41,181951c8f4e602ac19405651f5b8aee3100b42f6ba3afd11f40b3c5e5a41a13b
RLUX3906010G,"Rang Print Canvas","Rang Lux 390gsm","60x100'",46.451520,1,5.20,6.30,7.00,7.40,8.26,5.93,6.30,6.67,7.04,7.41,dad07f1d70e527936e8a1c647b9cbff08e00aa221e794aff3e93d7f47ac31e1e
SWPUVSH0811G,"Screen Printing Positives","EiE Inkjet Waterproof Film","8.5x11",0.060322,100,2.15,2.60,2.90,3.05,3.50,3.75,4.00,4.25,4.50,5.00,76a89b734758a8a5437247904518b43a5b1c8a98663115e30cea18c3e19f011e
SWPUVSH0814G,"Screen Printing Positives","EiE Inkjet Waterproof Film","8.5x14",0.076774,100,2.15,2.60,2.90,3.05,3.50,3.75,4.00,4.25,4.50,5.00,e0be9bedc08817dc8a8b939036770f9cbcefef0160340cbb9787c38df62fb693
SWPUVSH1117G,"Screen Printing Positives","EiE Inkjet Waterproof Film","11x17",0.120645,100,2.15,2.60,2.90,3.05,3.50,3.75,4.00,4.25,4.50,5.00,4a2dabe206aaf5921844a72c9f7d4ffc084e75490e7123be21dcbf0d866e56d2
SWPUVSH1319G,"Screen Printing Positives","EiE Inkjet Waterproof Film","13x19",0.159355,100,2.15,2.60,2.90,3.05,3.50,3.75,4.00,4.25,4.50,5.00,5183b1e45118e608cfb6b22d69e2f0cf775b0ad3176bd3c23c486dbf79252284
SWPUVSH1722G,"Screen Printing Positives","EiE Inkjet Waterproof Film","17x22",0.241290,100,2.15,2.60,2.90,3.05,3.50,3.75,4.00,4.25,4.50,5.00,ffceb40b212a60d77f304ae5735407091f32d6859e71155aa8cb1044912f33c2
SWPUV2R1310G,"Screen Printing Positives","EiE Inkjet Waterproof Film - 2 Core","13x100'",10.064496,1,2.15,2.60,2.90,3.05,3.50,3.75,4.00,4.25,4.50,5.00,fff9180caeaa686c61f8321c4f33728da3770a75075c994d16b68366e55ac2e8
SWPUV2R1410G,"Screen Printing Positives","EiE Inkjet Waterproof Film - 2 Core","14x100'",10.838688,1,2.15,2.60,2.90,3.05,3.50,3.75,4.00,4.25,4.50,5.00,55e22404ef4b867e2bd8197fe5bcf10d6e74661fdda59dd91cd8db49cc353ad0
SWPUV2R2410G,"Screen Printing Positives","EiE Inkjet Waterproof Film - 2 Core","24x100'",18.580608,1,2.15,2.60,2.90,3.05,3.50,3.75,4.00,4.25,4.50,5.00,f708e4008bc373181a2134c7c11fc138ba439cbb5e09558e101eacc45f8003b1
SWPUV2R3610G,"Screen Printing Positives","EiE Inkjet Waterproof Film - 2 Core","36x100'",27.870912,1,2.15,2.60,2.90,3.05,3.50,3.75,4.00,4.25,4.50,5.00,144a384bf84ab176d4585da40324d8b7fc25cf77fed8f0b786fac79d307675d1
SWPUV2R4410G,"Screen Printing Positives","EiE Inkjet Waterproof Film - 2 Core","44x100'",34.064448,1,2.15,2.60,2.90,3.05,3.50,3.75,4.00,4.25,4.50,5.00,fc718e4f62216d3fe8575752ff3a884b072651326e646cdf27cf408d9e789a1b
SWPUV2R5010G,"Screen Printing Positives","EiE Inkjet Waterproof Film - 2 Core","50x100'",38.709600,1,2.15,2.60,2.90,3.05,3.50,3.75,4.00,4.25,4.50,5.00,09d0e0dda7df9d63b09a42fc9712f60b67abefc043a18a1f844fc4e2349f2299
SWPUV3R1310G,"Screen Printing Positives","EiE Inkjet Waterproof Film - 3 Core","13x100'",10.064496,1,2.15,2.60,2.90,3.05,3.50,3.75,4.00,4.25,4.50,5.00,230494689ee689bf416d09ff6363b103e1c449d8b226af03e29dd975557c177a
SWPUV3R1710G,"Screen Printing Positives","EiE Inkjet Waterproof Film - 3 Core","17x100'",13.161264,1,2.15,2.60,2.90,3.05,3.50,3.75,4.00,4.25,4.50,5.00,a81992f18bb8932a584631ebdf48ca7d62346271ac4b240665887a42a9307002
SWPUV3R2410G,"Screen Printing Positives","EiE Inkjet Waterproof Film - 3 Core","24x100'",18.580608,1,2.15,2.60,2.90,3.05,3.50,3.75,4.00,4.25,4.50,5.00,1cd261208b21b1854420f5be881cfe0efe3713808034446aae8296e666236b8f
SFLFS040811F,"Screen Printing Positives","eLe Frosted Laser Film","8.5x11",0.060322,100,2.30,2.79,3.10,3.26,3.78,4.05,4.32,4.59,4.86,6.15,8a12cbf1d0d7bdb8fe2a7915e5e118f49a9adbbfa290f310a32dc2d60bd29cc9
SFLFS040814F,"Screen Printing Positives","eLe Frosted Laser Film","8.5x14",0.076774,100,2.30,2.79,3.10,3.26,3.78,4.05,4.32,4.59,4.86,6.15,5e42e8e790a60072996a57bca14718e7b2b366182773aee9b80d6318dd9056ed
SFLFS041117F,"Screen Printing Positives","eLe Frosted Laser Film","11x17",0.120645,100,2.30,2.79,3.10,3.26,3.78,4.05,4.32,4.59,4.86,6.15,c95d6107fa5cf869f18bfa5ba831394e151cb223c7e73a216773895ccb65be07
SFLFS041218F,"Screen Printing Positives","eLe Frosted Laser Film","12x18",0.139355,100,2.30,2.79,3.10,3.26,3.78,4.05,4.32,4.59,4.86,6.15,0db19778fb88551564b673515ba246a77a6aa2575c3d5e0735947c30797f6e75
SFLFS041319F,"Screen Printing Positives","eLe Frosted Laser Film","13x19",0.159355,100,2.30,2.79,3.10,3.26,3.78,4.05,4.32,4.59,4.86,6.15,c1875c8db99e22935fe5a3f536a324da74c8819753606f940a08aacce84e3025
SFLCS040811C,"Screen Printing Positives","eLe Clear Laser Film","8.5x11",0.060322,100,2.40,2.89,3.20,3.30,3.36,3.60,3.84,4.08,4.32,6.25,58ac5225c51a9ebbd210a1a5fbec8a29a701065fb62a61a18df766d35c2183a5
SFLCS040814C,"Screen Printing Positives","eLe Clear Laser Film","8.5x14",0.076774,100,2.40,2.89,3.20,3.30,3.36,3.60,3.84,4.08,4.32,6.25,b7a0ceccdf290008f44b174a2a870d2def27e9f003d6121ca16f0ff8cbfba4bb
SFLCS041117C,"Screen Printing Positives","eLe Clear Laser Film","11x17",0.120645,100,2.40,2.89,3.20,3.30,3.36,3.60,3.84,4.08,4.32,6.25,f9a83516acda0be87a3798bbc6b5bac64ac4c13d1d3aed8b638a38681f7404b9
SFLCS041218C,"Screen Printing Positives","eLe Clear Laser Film","12x18",0.139355,100,2.40,2.89,3.20,3.30,3.36,3.60,3.84,4.08,4.32,6.25,9dfab7ded7bf9f108c8a0a027d3416e22d1e9486e0711133d84dc7387a5f964b
SFLCS041319C,"Screen Printing Positives","eLe Clear Laser Film","13x19",0.159355,100,2.40,2.89,3.20,3.30,3.36,3.60,3.84,4.08,4.32,6.25,577074d94402c7e378959d10a958f32f18ad760e29a522ec3f5d421e7225e9f9
OMXP-216x381,"Offset Printing Plates","eLe Polyester Laser Plate MXP","8.5x15",0.082258,100,2.70,2.95,3.15,3.30,5.04,5.40,5.76,6.48,6.84,7.20,f836f90b6481fb2f4da15280abe9127b5144e3324d72f9003d8a7273076a0668
OMXP-219x381,"Offset Printing Plates","eLe Polyester Laser Plate MXP","8.625x15",0.083468,100,2.70,2.95,3.15,3.30,5.04,5.40,5.76,6.48,6.84,7.20,18fdff90b5a5e6828dfb1e25fa1ad234c0e7c6f9bdbc2b5f086b7303250d37fd
OMXP-254x381,"Offset Printing Plates","eLe Polyester Laser Plate MXP","10x15",0.096774,100,2.70,2.95,3.15,3.30,5.04,5.40,5.76,6.48,6.84,7.20,7c6745a24ebe175394e69990cf1d01ed78c7598d036079e52cc3a827cd8066fe
OMXP-254x394,"Offset Printing Plates","eLe Polyester Laser Plate MXP","10x15.5",0.100000,100,2.70,2.95,3.15,3.30,5.04,5.40,5.76,6.48,6.84,7.20,4e90d46f24520eb226e3a9eaaa89ea49106686d85cf65833c5a2df83691bb76e
OMXP-279x457,"Offset Printing Plates","eLe Polyester Laser Plate MXP","11x18",0.127742,100,2.70,2.95,3.15,3.30,5.04,5.40,5.76,6.48,6.84,7.20,efc633f26c97d3e2624a81baa5a4f17c1f25f2da395cee86c36f20d28ab9d458
OMXP-279x470,"Offset Printing Plates","eLe Polyester Laser Plate MXP","11x18.5",0.131290,100,2.70,2.95,3.15,3.30,5.04,5.40,5.76,6.48,6.84,7.20,58c82aabab1268739602a23b7750f117fc29f36eb74f36290b0a393401c295d0
OMXP-305x457,"Offset Printing Plates","eLe Polyester Laser Plate MXP","12x18",0.139355,100,2.70,2.95,3.15,3.30,5.04,5.40,5.76,6.48,6.84,7.20,34884f2473b42a32ecc5760ad597eb547c8fd8e7a41dc947c92323946ee1b4b0
OMXP-305x470,"Offset Printing Plates","eLe Polyester Laser Plate MXP","12x18.5",0.143226,100,2.70,2.95,3.15,3.30,5.04,5.40,5.76,6.48,6.84,7.20,d2c6c43b8b17383dada40c6c5392a74c543845885f244fb1d1c72551302f6f7a
OMXP-305x492,"Offset Printing Plates","eLe Polyester Laser Plate MXP","12x19.375",0.150000,100,2.70,2.95,3.15,3.30,5.04,5.40,5.76,6.48,6.84,7.20,1e7998099783f4909c825d34f7db536cfdb876486e7a7c4ef8f56ee9b291483b
OMXP-330x492,"Offset Printing Plates","eLe Polyester Laser Plate MXP","13x19.375",0.162500,100,2.70,2.95,3.15,3.30,5.04,5.40,5.76,6.48,6.84,7.20,4664a7c8932462d6f1dab91f3e6dc4633c9c473639feab7811dc3457c42745ee
OMXP-330x505,"Offset Printing Plates","eLe Polyester Laser Plate MXP","13x19.875",0.166693,100,2.70,2.95,3.15,3.30,5.04,5.40,5.76,6.48,6.84,7.20,810bdc482fe4cef495dc3be50497f8c6630f1f819375c5a8f89d039ebe9f8a5a
OMXP-330x533,"Offset Printing Plates","eLe Polyester Laser Plate MXP","13x21",0.176129,100,2.70,2.95,3.15,3.30,5.04,5.40,5.76,6.48,6.84,7.20,fffec34bdce7dad8ca8f5eb52fb3d383c97596a9488fcbc07bc4335eb1c7ab35
SDTFR0312328,"DTF Film","CoHo Films for Fabrics","11.85x328'",30.091295,1,1.43,1.53,1.60,1.65,1.65,1.65,1.76,1.98,2.09,2.20,60593a9a9ec7a6236d26a9ede648aa49e0eb6e5eccd48983f0a2e93703a7175e
SDTFR0324328,"DTF Film","CoHo Films for Fabrics","23.65x328'",60.055622,1,1.43,1.53,1.60,1.65,1.65,1.65,1.76,1.98,2.09,2.20,21be4f1a6d74ce5d865302c99027b25d539b6f155548ee6bcdc767bfb674cfc8
SDTFR0344328,"DTF Film","CoHo Films for Fabrics","43.3x328'",109.953845,1,1.43,1.53,1.60,1.65,1.65,1.65,1.76,1.98,2.09,2.20,8d124e1c0407f428af0b357636b08843e371eeecadb7a3d0421305aef006802d